Ben Motz <bmotz@cray.com>
Bertrand Lallau <bertrand.lallau@gmail.com>
Bertrand Lallau <bertrand.lallau@thalesgroup.com>
Craig Bryant <craig.bryant@hp.com>
David Scott <david.scott@emc.com>
Deklan Dieterly <deklan.dieterly@hp.com>
Deklan Dieterly <deklan.dieterly@hpe.com>
Deklan Dieterly <dieterly@gmail.com>
Dexter Fryar <dexter.fryar@outlook.com>
Haiwei Xu <xu-haiwei@mxw.nes.nec.co.jp>
Jeremy Stanley <fungi@yuggoth.org>
Joachim Barheine <joachim.barheine@sap.com>
Joe Keen <joe.keen@hp.com>
Jonathan Halterman <jhalterman@gmail.com>
Jonathan Halterman <jhalterman@hp.com>
Kaiyan Sheng <kaiyan.sheng@hp.com>
Michael Bielinski <michael.bielinski@hp.com>
Michael James Hoppal <michael.jam.hoppal@hp.com>
Ondřej Nový <ondrej.novy@firma.seznam.cz>
Roland Hochmuth <roland.hochmuth@hp.com>
Ryan Brandt <ryan.brandt@hp.com>
Tim Kuhlman <tim.kuhlman@hp.com>
bklei <bradley.klein@twcable.com>
hochmuth <roland.hochmuth@hp.com>
venkatamahesh <venkatamaheshkotha@gmail.com>
