Emeric Pageau <emeric.pageau@gmail.com>
Félix Bouliane <fbouliane@internap.com>
Félix Bouliane <felixbouliane@hotmail.com>
Jonathan Provost <jprovost.sh@gmail.com>
Jonathan Provost <jprovost@iweb.com>
Martin Roy <lindycoder@gmail.com>
Martin Roy <mroy@internap.com>
Martin Roy <mroy@iweb.com>
Mathieu Mitchell <mat128@gmail.com>
Mathieu Mitchell <mmitchell@iweb.com>
Philippe Godin <godp1301@gmail.com>
Philippe Godin <pgodin@iweb.com>
Wajdi Al-Hawari <w.hawari@gmail.com>
Wajdi Al-Hawari <walhawari@iweb.com>
epageau <epageau@internap.com>
srobert <srobert@iweb.com>
stephanerobert <stephanerobert@users.noreply.github.com>
